timestamp,region,load_mw,pv_mw,price_yuan_mwh,temperature_c,event_type,event_text
2024-07-01 00:00:00,广东省,3.3249,0.0049,380.8565,30.3,正常运行,Status: Normal
2024-07-01 00:15:00,广东省,3.3358,0.0222,399.6169,30.225,正常运行,Status: Normal
2024-07-01 00:30:00,广东省,3.5738,0.0389,376.8227,30.15,正常运行,Status: Normal
2024-07-01 00:45:00,广东省,3.5167,0.0154,354.3306,30.075,正常运行,Status: Normal
2024-07-01 01:00:00,广东省,3.3963,0.0,430.3345,30.0,正常运行,Status: Normal
2024-07-01 01:15:00,广东省,3.5495,0.0,347.6962,29.95,正常运行,Status: Normal
2024-07-01 01:30:00,广东省,3.4831,0.0346,377.0468,29.9,正常运行,Status: Normal
2024-07-01 01:45:00,广东省,3.598,0.0295,398.3597,29.85,正常运行,Status: Normal
2024-07-01 02:00:00,广东省,3.1931,0.0462,406.9727,29.8,正常运行,Status: Normal
2024-07-01 02:15:00,广东省,3.4099,0.0,396.8614,29.8,正常运行,Status: Normal
2024-07-01 02:30:00,广东省,3.5902,0.0569,349.0711,29.8,正常运行,Status: Normal
2024-07-01 02:45:00,广东省,3.3148,0.0411,418.2943,29.8,正常运行,Status: Normal
2024-07-01 03:00:00,广东省,3.4061,0.0,409.9574,29.8,正常运行,Status: Normal
2024-07-01 03:15:00,广东省,3.463,0.0,409.3916,29.8,正常运行,Status: Normal
2024-07-01 03:30:00,广东省,3.6058,0.0267,361.7588,29.8,正常运行,Status: Normal
2024-07-01 03:45:00,广东省,3.2075,0.0611,394.0056,29.8,正常运行,Status: Normal
2024-07-01 04:00:00,广东省,3.2852,0.0,396.6636,29.8,正常运行,Status: Normal
2024-07-01 04:15:00,广东省,3.344,0.0222,381.5963,29.8,正常运行,Status: Normal
2024-07-01 04:30:00,广东省,3.6169,0.0,381.014,29.8,正常运行,Status: Normal
2024-07-01 04:45:00,广东省,3.392,0.0,365.1636,29.8,正常运行,Status: Normal
2024-07-01 05:00:00,广东省,3.4228,0.0,352.6054,29.8,正常运行,Status: Normal
2024-07-01 05:15:00,广东省,3.3136,0.0142,384.5461,29.925,正常运行,Status: Normal
2024-07-01 05:30:00,广东省,3.3937,0.0,359.1734,30.05,正常运行,Status: Normal
2024-07-01 05:45:00,广东省,3.2351,0.0,404.7017,30.175,正常运行,Status: Normal
2024-07-01 06:00:00,广东省,3.4585,0.0038,415.5462,30.3,正常运行,Status: Normal
2024-07-01 06:15:00,广东省,3.3871,0.0953,396.249,30.35,正常运行,Status: Normal
2024-07-01 06:30:00,广东省,3.2719,0.1774,369.1838,30.4,正常运行,Status: Normal
2024-07-01 06:45:00,广东省,3.4816,0.2756,353.6121,30.45,正常运行,Status: Normal
2024-07-01 07:00:00,广东省,3.1756,0.2568,403.2513,30.5,正常运行,Status: Normal
2024-07-01 07:15:00,广东省,3.748,0.4988,402.0748,30.575,正常运行,Status: Normal
2024-07-01 07:30:00,广东省,3.4075,0.5286,378.3073,30.65,正常运行,Status: Normal
2024-07-01 07:45:00,广东省,3.3651,0.6866,308.2419,30.725,正常运行,Status: Normal
2024-07-01 08:00:00,广东省,3.3986,0.7455,398.4491,30.8,正常运行,Status: Normal
2024-07-01 08:15:00,广东省,3.7533,1.0319,383.2213,30.925,正常运行,Status: Normal
2024-07-01 08:30:00,广东省,3.6098,1.2734,368.7814,31.05,正常运行,Status: Normal
2024-07-01 08:45:00,广东省,3.5027,1.6185,347.3642,31.175,正常运行,Status: Normal
2024-07-01 09:00:00,广东省,3.6463,1.8097,356.4704,31.3,正常运行,Status: Normal
2024-07-01 09:15:00,广东省,3.6083,2.0111,346.3612,31.9,正常运行,Status: Normal
2024-07-01 09:30:00,广东省,3.7183,2.2586,336.3256,32.5,正常运行,Status: Normal
2024-07-01 09:45:00,广东省,3.5935,2.5725,377.7535,33.1,正常运行,Status: Normal
2024-07-01 10:00:00,广东省,3.76,2.7176,325.43,33.7,正常运行,Status: Normal
2024-07-01 10:15:00,广东省,3.4556,2.8039,347.7824,33.675,正常运行,Status: Normal
2024-07-01 10:30:00,广东省,3.5409,2.8161,382.5008,33.65,正常运行,Status: Normal
2024-07-01 10:45:00,广东省,3.4933,2.781,351.0683,33.625,正常运行,Status: Normal
2024-07-01 11:00:00,广东省,4.0116,2.7829,365.2674,33.6,正常运行,Status: Normal
2024-07-01 11:15:00,广东省,4.0379,2.8076,307.6443,33.3,正常运行,Status: Normal
2024-07-01 11:30:00,广东省,3.6638,2.8229,321.8708,33.0,正常运行,Status: Normal
2024-07-01 11:45:00,广东省,3.708,2.864,317.8204,32.7,正常运行,Status: Normal
2024-07-01 12:00:00,广东省,3.7424,3.0157,318.7235,32.4,正常运行,Status: Normal
2024-07-01 12:15:00,广东省,3.8393,2.9663,324.6975,32.75,正常运行,Status: Normal
2024-07-01 12:30:00,广东省,4.1823,3.0693,278.4906,33.1,正常运行,Status: Normal
2024-07-01 12:45:00,广东省,4.4722,3.1147,337.161,33.45,正常运行,Status: Normal
2024-07-01 13:00:00,广东省,4.3862,3.24,359.7704,33.8,正常运行,Status: Normal
2024-07-01 13:15:00,广东省,4.3364,3.2912,344.7557,33.975,正常运行,Status: Normal
2024-07-01 13:30:00,广东省,4.32,3.2252,337.7858,34.15,正常运行,Status: Normal
2024-07-01 13:45:00,广东省,4.538,3.2469,320.5753,34.325,正常运行,Status: Normal
2024-07-01 14:00:00,广东省,4.4626,3.1505,327.9748,34.5,正常运行,Status: Normal
2024-07-01 14:15:00,广东省,4.6626,3.0948,378.9041,34.375,正常运行,Status: Normal
2024-07-01 14:30:00,广东省,4.4429,3.078,284.0733,34.25,正常运行,Status: Normal
2024-07-01 14:45:00,广东省,4.3603,3.0086,350.91,34.125,正常运行,Status: Normal
2024-07-01 15:00:00,广东省,4.7153,2.9414,341.8358,34.0,高温预警,广东气象台发布高温橙色预警，预计晚高峰空调负荷显著上升。
2024-07-01 15:15:00,广东省,4.5067,2.6812,369.8854,33.8,正常运行,Status: Normal
2024-07-01 15:30:00,广东省,4.4899,2.4586,361.7115,33.6,正常运行,Status: Normal
2024-07-01 15:45:00,广东省,4.2712,2.287,317.6118,33.4,正常运行,Status: Normal
2024-07-01 16:00:00,广东省,4.7363,2.1025,351.9008,33.2,正常运行,Status: Normal
2024-07-01 16:15:00,广东省,4.6194,1.9162,390.3222,33.125,正常运行,Status: Normal
2024-07-01 16:30:00,广东省,4.4609,1.6567,424.6883,33.05,正常运行,Status: Normal
2024-07-01 16:45:00,广东省,4.2039,1.4677,396.0641,32.975,正常运行,Status: Normal
2024-07-01 17:00:00,广东省,4.3174,1.2547,432.9191,32.9,正常运行,Status: Normal
2024-07-01 17:15:00,广东省,4.5081,1.1259,433.8519,32.525,正常运行,Status: Normal
2024-07-01 17:30:00,广东省,4.3663,0.9895,461.3044,32.15,高温预警,广东气象台发布高温橙色预警，预计晚高峰空调负荷显著上升。
2024-07-01 17:45:00,广东省,4.2964,0.9713,461.0375,31.775,正常运行,Status: Normal
2024-07-01 18:00:00,广东省,4.4789,0.8563,477.5037,31.4,正常运行,Status: Normal
2024-07-01 18:15:00,广东省,4.6622,0.7177,471.2816,31.4,正常运行,Status: Normal
2024-07-01 18:30:00,广东省,4.6519,0.6148,451.234,31.4,正常运行,Status: Normal
2024-07-01 18:45:00,广东省,4.5641,0.3653,509.8278,31.4,正常运行,Status: Normal
2024-07-01 19:00:00,广东省,4.5481,0.2998,490.0281,31.4,正常运行,Status: Normal
2024-07-01 19:15:00,广东省,4.7865,0.221,538.2534,31.4,正常运行,Status: Normal
2024-07-01 19:30:00,广东省,4.858,0.0636,538.1212,31.4,正常运行,Status: Normal
2024-07-01 19:45:00,广东省,4.9042,0.0803,560.8121,31.4,正常运行,Status: Normal
2024-07-01 20:00:00,广东省,4.7564,0.0,522.8693,31.4,高温预警,广东气象台发布高温橙色预警，预计晚高峰空调负荷显著上升。
2024-07-01 20:15:00,广东省,4.7005,0.0138,494.3468,31.35,正常运行,Status: Normal
2024-07-01 20:30:00,广东省,4.4853,0.035,534.7471,31.3,正常运行,Status: Normal
2024-07-01 20:45:00,广东省,4.9001,0.1457,531.2914,31.25,正常运行,Status: Normal
2024-07-01 21:00:00,广东省,4.8265,0.0147,491.9122,31.2,正常运行,Status: Normal
2024-07-01 21:15:00,广东省,4.6355,0.0,555.0538,31.05,正常运行,Status: Normal
2024-07-01 21:30:00,广东省,4.5538,0.053,511.4202,30.9,正常运行,Status: Normal
2024-07-01 21:45:00,广东省,4.3699,0.0517,494.2408,30.75,正常运行,Status: Normal
2024-07-01 22:00:00,广东省,4.4726,0.0,453.2795,30.6,正常运行,Status: Normal
2024-07-01 22:15:00,广东省,4.2554,0.006,460.5579,30.525,正常运行,Status: Normal
2024-07-01 22:30:00,广东省,4.4241,0.0,473.917,30.45,正常运行,Status: Normal
2024-07-01 22:45:00,广东省,4.2686,0.0338,459.7097,30.375,正常运行,Status: Normal
2024-07-01 23:00:00,广东省,4.1649,0.0,430.623,30.3,正常运行,Status: Normal
2024-07-01 23:15:00,广东省,3.8738,0.116,419.6927,30.275,正常运行,Status: Normal
2024-07-01 23:30:00,广东省,3.8691,0.0722,429.8319,30.25,正常运行,Status: Normal
2024-07-01 23:45:00,广东省,3.8238,0.0758,410.4971,30.225,正常运行,Status: Normal
2024-07-02 00:00:00,广东省,3.5803,0.0156,379.0097,30.2,正常运行,Status: Normal
2024-07-02 00:15:00,广东省,3.6417,0.0314,367.4089,30.125,正常运行,Status: Normal
2024-07-02 00:30:00,广东省,3.4549,0.041,353.675,30.05,正常运行,Status: Normal
2024-07-02 00:45:00,广东省,3.6257,0.0155,351.0115,29.975,正常运行,Status: Normal
2024-07-02 01:00:00,广东省,3.8098,0.0266,356.0689,29.9,正常运行,Status: Normal
2024-07-02 01:15:00,广东省,3.5544,0.0,359.2064,29.875,正常运行,Status: Normal
2024-07-02 01:30:00,广东省,3.479,0.0,403.0427,29.85,正常运行,Status: Normal
2024-07-02 01:45:00,广东省,3.4169,0.0,331.8242,29.825,正常运行,Status: Normal
2024-07-02 02:00:00,广东省,3.5156,0.0039,399.2263,29.8,正常运行,Status: Normal
2024-07-02 02:15:00,广东省,3.778,0.0,335.822,29.8,正常运行,Status: Normal
2024-07-02 02:30:00,广东省,3.5565,0.0,360.9494,29.8,正常运行,Status: Normal
2024-07-02 02:45:00,广东省,3.6217,0.0263,410.1101,29.8,正常运行,Status: Normal
2024-07-02 03:00:00,广东省,3.3038,0.0,393.9443,29.8,正常运行,Status: Normal
2024-07-02 03:15:00,广东省,3.4884,0.0,397.0212,29.7,正常运行,Status: Normal
2024-07-02 03:30:00,广东省,3.4828,0.0308,390.0498,29.6,正常运行,Status: Normal
2024-07-02 03:45:00,广东省,3.6157,0.0338,343.7444,29.5,正常运行,Status: Normal
2024-07-02 04:00:00,广东省,3.6405,0.0,389.9491,29.4,正常运行,Status: Normal
2024-07-02 04:15:00,广东省,3.6298,0.0,342.6483,29.275,正常运行,Status: Normal
2024-07-02 04:30:00,广东省,3.2582,0.0,349.6953,29.15,正常运行,Status: Normal
2024-07-02 04:45:00,广东省,3.433,0.0204,389.0079,29.025,正常运行,Status: Normal
2024-07-02 05:00:00,广东省,3.7086,0.0,416.9505,28.9,正常运行,Status: Normal
2024-07-02 05:15:00,广东省,3.6889,0.0522,367.8655,28.925,正常运行,Status: Normal
2024-07-02 05:30:00,广东省,3.6741,0.0,387.295,28.95,正常运行,Status: Normal
2024-07-02 05:45:00,广东省,3.4607,0.0,349.4568,28.975,正常运行,Status: Normal
2024-07-02 06:00:00,广东省,3.4825,0.0208,386.6259,29.0,正常运行,Status: Normal
2024-07-02 06:15:00,广东省,3.409,0.0642,361.3962,28.975,正常运行,Status: Normal
2024-07-02 06:30:00,广东省,3.3706,0.3216,383.092,28.95,正常运行,Status: Normal
2024-07-02 06:45:00,广东省,3.48,0.19,385.2973,28.925,正常运行,Status: Normal
2024-07-02 07:00:00,广东省,3.6265,0.1842,373.534,28.9,正常运行,Status: Normal
2024-07-02 07:15:00,广东省,3.7172,0.2533,374.6876,28.95,正常运行,Status: Normal
2024-07-02 07:30:00,广东省,3.667,0.3977,393.2235,29.0,正常运行,Status: Normal
2024-07-02 07:45:00,广东省,3.6237,0.5557,374.4404,29.05,正常运行,Status: Normal
2024-07-02 08:00:00,广东省,3.4885,0.7509,376.8973,29.1,正常运行,Status: Normal
2024-07-02 08:15:00,广东省,3.6214,0.9179,383.0274,29.3,正常运行,Status: Normal
2024-07-02 08:30:00,广东省,3.7071,0.9387,396.4944,29.5,正常运行,Status: Normal
2024-07-02 08:45:00,广东省,3.6097,1.2419,331.626,29.7,正常运行,Status: Normal
2024-07-02 09:00:00,广东省,3.6562,1.3534,357.2914,29.9,正常运行,Status: Normal
2024-07-02 09:15:00,广东省,3.6191,1.665,298.433,30.15,正常运行,Status: Normal
2024-07-02 09:30:00,广东省,3.7565,1.8991,366.538,30.4,正常运行,Status: Normal
2024-07-02 09:45:00,广东省,3.5665,2.1159,355.4188,30.65,正常运行,Status: Normal
2024-07-02 10:00:00,广东省,3.8474,2.5561,380.3237,30.9,正常运行,Status: Normal
2024-07-02 10:15:00,广东省,3.6239,2.4285,313.9257,30.95,正常运行,Status: Normal
2024-07-02 10:30:00,广东省,3.8338,2.5299,321.9469,31.0,正常运行,Status: Normal
2024-07-02 10:45:00,广东省,3.696,2.5378,333.6809,31.05,正常运行,Status: Normal
2024-07-02 11:00:00,广东省,3.8258,2.4963,304.2309,31.1,正常运行,Status: Normal
2024-07-02 11:15:00,广东省,3.7575,2.3785,349.6817,30.95,正常运行,Status: Normal
2024-07-02 11:30:00,广东省,4.0022,2.1732,274.0562,30.8,正常运行,Status: Normal
2024-07-02 11:45:00,广东省,3.801,2.0333,349.323,30.65,正常运行,Status: Normal
2024-07-02 12:00:00,广东省,3.835,2.0043,336.7347,30.5,正常运行,Status: Normal
2024-07-02 12:15:00,广东省,3.9728,1.8393,361.3882,30.725,正常运行,Status: Normal
2024-07-02 12:30:00,广东省,3.8615,1.8685,368.713,30.95,正常运行,Status: Normal
2024-07-02 12:45:00,广东省,3.9446,1.7342,333.8392,31.175,正常运行,Status: Normal
2024-07-02 13:00:00,广东省,3.8542,1.6695,351.4243,31.4,正常运行,Status: Normal
2024-07-02 13:15:00,广东省,3.8996,1.5759,357.8492,31.625,正常运行,Status: Normal
2024-07-02 13:30:00,广东省,4.1151,1.5129,323.6302,31.85,正常运行,Status: Normal
2024-07-02 13:45:00,广东省,4.2168,1.4527,343.2974,32.075,正常运行,Status: Normal
2024-07-02 14:00:00,广东省,3.7731,1.3463,362.9812,32.3,正常运行,Status: Normal
2024-07-02 14:15:00,广东省,4.1972,1.5697,386.2929,31.75,正常运行,Status: Normal
2024-07-02 14:30:00,广东省,4.0044,1.6359,370.9854,31.2,正常运行,Status: Normal
2024-07-02 14:45:00,广东省,4.0948,1.623,357.4237,30.65,正常运行,Status: Normal
2024-07-02 15:00:00,广东省,3.977,1.7612,345.9604,30.1,正常运行,Status: Normal
2024-07-02 15:15:00,广东省,4.1871,1.6773,352.8988,30.325,正常运行,Status: Normal
2024-07-02 15:30:00,广东省,4.1489,1.8191,330.6039,30.55,正常运行,Status: Normal
2024-07-02 15:45:00,广东省,4.1398,1.8178,363.4753,30.775,正常运行,Status: Normal
2024-07-02 16:00:00,广东省,4.3079,1.7989,358.7464,31.0,高温预警,广东气象台发布高温橙色预警，预计晚高峰空调负荷显著上升。
2024-07-02 16:15:00,广东省,4.2689,1.5799,421.6522,31.075,正常运行,Status: Normal
2024-07-02 16:30:00,广东省,4.2671,1.353,436.5429,31.15,正常运行,Status: Normal
2024-07-02 16:45:00,广东省,4.3581,1.0736,330.6312,31.225,正常运行,Status: Normal
2024-07-02 17:00:00,广东省,4.2571,0.865,414.3335,31.3,正常运行,Status: Normal
2024-07-02 17:15:00,广东省,4.4218,0.761,449.0549,30.75,正常运行,Status: Normal
2024-07-02 17:30:00,广东省,4.5576,0.7823,459.0756,30.2,正常运行,Status: Normal
2024-07-02 17:45:00,广东省,4.573,0.6765,402.4852,29.65,正常运行,Status: Normal
2024-07-02 18:00:00,广东省,4.5203,0.6022,448.8607,29.1,正常运行,Status: Normal
2024-07-02 18:15:00,广东省,4.5023,0.4987,520.9847,29.1,正常运行,Status: Normal
2024-07-02 18:30:00,广东省,4.6798,0.3594,525.1104,29.1,高温预警,广东气象台发布高温橙色预警，预计晚高峰空调负荷显著上升。
2024-07-02 18:45:00,广东省,4.6911,0.2184,466.8041,29.1,正常运行,Status: Normal
2024-07-02 19:00:00,广东省,4.9219,0.2522,481.0776,29.1,正常运行,Status: Normal
2024-07-02 19:15:00,广东省,4.9329,0.1729,531.7529,29.075,正常运行,Status: Normal
2024-07-02 19:30:00,广东省,4.9105,0.1078,480.2613,29.05,正常运行,Status: Normal
2024-07-02 19:45:00,广东省,5.1817,0.0547,543.6,29.025,正常运行,Status: Normal
2024-07-02 20:00:00,广东省,5.1173,0.0514,443.2482,29.0,正常运行,Status: Normal
2024-07-02 20:15:00,广东省,4.9912,0.0,523.4897,28.975,正常运行,Status: Normal
2024-07-02 20:30:00,广东省,4.964,0.0,532.2622,28.95,正常运行,Status: Normal
2024-07-02 20:45:00,广东省,4.9321,0.0545,533.1527,28.925,正常运行,Status: Normal
2024-07-02 21:00:00,广东省,4.8292,0.0074,506.3748,28.9,正常运行,Status: Normal
2024-07-02 21:15:00,广东省,4.8817,0.0,511.1309,28.925,正常运行,Status: Normal
2024-07-02 21:30:00,广东省,4.6012,0.0394,491.7072,28.95,正常运行,Status: Normal
2024-07-02 21:45:00,广东省,4.7642,0.0,466.5513,28.975,正常运行,Status: Normal
2024-07-02 22:00:00,广东省,4.4149,0.0,501.5295,29.0,正常运行,Status: Normal
2024-07-02 22:15:00,广东省,4.2997,0.0,471.9564,29.0,正常运行,Status: Normal
2024-07-02 22:30:00,广东省,4.3852,0.0,481.3367,29.0,正常运行,Status: Normal
2024-07-02 22:45:00,广东省,4.5053,0.018,428.2276,29.0,正常运行,Status: Normal
2024-07-02 23:00:00,广东省,4.225,0.0938,426.3903,29.0,正常运行,Status: Normal
2024-07-02 23:15:00,广东省,3.9447,0.0496,414.0298,29.025,正常运行,Status: Normal
2024-07-02 23:30:00,广东省,4.0282,0.0,437.3232,29.05,正常运行,Status: Normal
2024-07-02 23:45:00,广东省,4.1185,0.0,404.4471,29.075,正常运行,Status: Normal
2024-07-03 00:00:00,广东省,3.6129,0.0,392.4093,29.1,正常运行,Status: Normal
2024-07-03 00:15:00,广东省,3.7056,0.0397,391.8276,28.975,正常运行,Status: Normal
2024-07-03 00:30:00,广东省,3.5248,0.0504,335.7562,28.85,正常运行,Status: Normal
2024-07-03 00:45:00,广东省,3.3958,0.0,412.7644,28.725,正常运行,Status: Normal
2024-07-03 01:00:00,广东省,3.7556,0.0181,412.7384,28.6,正常运行,Status: Normal
2024-07-03 01:15:00,广东省,3.5581,0.0,406.5033,28.575,正常运行,Status: Normal
2024-07-03 01:30:00,广东省,3.8059,0.0669,359.6752,28.55,正常运行,Status: Normal
2024-07-03 01:45:00,广东省,3.6376,0.0,396.8424,28.525,正常运行,Status: Normal
2024-07-03 02:00:00,广东省,3.3761,0.0,351.5258,28.5,正常运行,Status: Normal
2024-07-03 02:15:00,广东省,3.7079,0.0409,382.485,28.475,正常运行,Status: Normal
2024-07-03 02:30:00,广东省,3.7048,0.0314,425.7647,28.45,正常运行,Status: Normal
2024-07-03 02:45:00,广东省,3.6708,0.0311,351.7367,28.425,正常运行,Status: Normal
2024-07-03 03:00:00,广东省,3.566,0.0802,364.5297,28.4,正常运行,Status: Normal
2024-07-03 03:15:00,广东省,3.6242,0.0524,416.392,28.375,正常运行,Status: Normal
2024-07-03 03:30:00,广东省,3.6471,0.0293,404.3477,28.35,正常运行,Status: Normal
2024-07-03 03:45:00,广东省,3.7196,0.0,343.128,28.325,正常运行,Status: Normal
2024-07-03 04:00:00,广东省,3.4476,0.0591,390.4909,28.3,正常运行,Status: Normal
2024-07-03 04:15:00,广东省,3.4792,0.0,366.3383,28.275,正常运行,Status: Normal
2024-07-03 04:30:00,广东省,3.6368,0.0383,414.0205,28.25,正常运行,Status: Normal
2024-07-03 04:45:00,广东省,3.6964,0.0198,373.4338,28.225,正常运行,Status: Normal
2024-07-03 05:00:00,广东省,3.5686,0.024,412.475,28.2,正常运行,Status: Normal
2024-07-03 05:15:00,广东省,3.5915,0.0791,392.2935,28.55,正常运行,Status: Normal
2024-07-03 05:30:00,广东省,3.6822,0.0,376.8848,28.9,正常运行,Status: Normal
2024-07-03 05:45:00,广东省,3.7984,0.0,345.5172,29.25,正常运行,Status: Normal
2024-07-03 06:00:00,广东省,3.7649,0.0587,373.2832,29.6,正常运行,Status: Normal
2024-07-03 06:15:00,广东省,3.6513,0.0932,371.1262,29.675,正常运行,Status: Normal
2024-07-03 06:30:00,广东省,3.7167,0.1776,398.0432,29.75,正常运行,Status: Normal
2024-07-03 06:45:00,广东省,3.7064,0.169,366.5732,29.825,正常运行,Status: Normal
2024-07-03 07:00:00,广东省,3.6457,0.267,346.7729,29.9,正常运行,Status: Normal
2024-07-03 07:15:00,广东省,3.6483,0.3703,378.0376,30.025,正常运行,Status: Normal
2024-07-03 07:30:00,广东省,3.8491,0.5096,393.9974,30.15,正常运行,Status: Normal
2024-07-03 07:45:00,广东省,3.6769,0.6339,363.4478,30.275,正常运行,Status: Normal
2024-07-03 08:00:00,广东省,3.449,0.8072,351.3916,30.4,正常运行,Status: Normal
2024-07-03 08:15:00,广东省,3.7573,0.8452,351.712,30.425,正常运行,Status: Normal
2024-07-03 08:30:00,广东省,3.6391,0.9795,352.4312,30.45,正常运行,Status: Normal
2024-07-03 08:45:00,广东省,3.6211,1.0805,323.1582,30.475,正常运行,Status: Normal
2024-07-03 09:00:00,广东省,3.9488,1.1742,350.1917,30.5,正常运行,Status: Normal
2024-07-03 09:15:00,广东省,3.6551,1.1678,344.1672,31.125,正常运行,Status: Normal
2024-07-03 09:30:00,广东省,3.8493,1.2656,364.2482,31.75,正常运行,Status: Normal
2024-07-03 09:45:00,广东省,3.7959,1.3226,331.3538,32.375,正常运行,Status: Normal
2024-07-03 10:00:00,广东省,3.8535,1.4712,358.9804,33.0,正常运行,Status: Normal
2024-07-03 10:15:00,广东省,3.6808,1.5733,352.6849,33.075,正常运行,Status: Normal
2024-07-03 10:30:00,广东省,3.8252,1.7855,330.0915,33.15,正常运行,Status: Normal
2024-07-03 10:45:00,广东省,3.7879,1.983,316.4248,33.225,正常运行,Status: Normal
2024-07-03 11:00:00,广东省,4.2796,2.0868,376.801,33.3,正常运行,Status: Normal
2024-07-03 11:15:00,广东省,4.5178,2.2598,363.3292,33.375,正常运行,Status: Normal
2024-07-03 11:30:00,广东省,4.5104,2.2748,328.2204,33.45,正常运行,Status: Normal
2024-07-03 11:45:00,广东省,4.2268,2.3563,337.6004,33.525,正常运行,Status: Normal
2024-07-03 12:00:00,广东省,4.473,2.4297,337.9641,33.6,正常运行,Status: Normal
2024-07-03 12:15:00,广东省,4.283,2.5666,330.6914,33.825,正常运行,Status: Normal
2024-07-03 12:30:00,广东省,4.8128,2.619,355.4393,34.05,正常运行,Status: Normal
2024-07-03 12:45:00,广东省,4.6215,2.6469,307.8966,34.275,正常运行,Status: Normal
2024-07-03 13:00:00,广东省,4.6112,2.5626,331.3085,34.5,正常运行,Status: Normal
2024-07-03 13:15:00,广东省,4.2173,2.6434,345.9133,33.9,正常运行,Status: Normal
2024-07-03 13:30:00,广东省,4.7532,2.8389,330.7532,33.3,正常运行,Status: Normal
2024-07-03 13:45:00,广东省,3.9452,3.0673,331.2952,32.7,正常运行,Status: Normal
2024-07-03 14:00:00,广东省,4.1564,3.1651,342.8268,32.1,正常运行,Status: Normal
2024-07-03 14:15:00,广东省,4.1453,3.143,367.2191,32.325,正常运行,Status: Normal
2024-07-03 14:30:00,广东省,4.2841,3.1536,376.113,32.55,高温预警,广东气象台发布高温橙色预警，预计晚高峰空调负荷显著上升。
2024-07-03 14:45:00,广东省,4.1151,3.007,328.9955,32.775,正常运行,Status: Normal
2024-07-03 15:00:00,广东省,4.0732,3.0344,333.2269,33.0,正常运行,Status: Normal
2024-07-03 15:15:00,广东省,4.178,2.8894,347.3451,32.825,正常运行,Status: Normal
2024-07-03 15:30:00,广东省,4.2028,2.7309,395.8094,32.65,正常运行,Status: Normal
2024-07-03 15:45:00,广东省,4.3386,2.5765,365.9389,32.475,正常运行,Status: Normal
2024-07-03 16:00:00,广东省,4.3115,2.372,390.4811,32.3,正常运行,Status: Normal
2024-07-03 16:15:00,广东省,4.7083,2.2368,422.8298,32.25,正常运行,Status: Normal
2024-07-03 16:30:00,广东省,4.3231,2.1764,435.3958,32.2,正常运行,Status: Normal
2024-07-03 16:45:00,广东省,4.3299,2.0899,409.4056,32.15,正常运行,Status: Normal
2024-07-03 17:00:00,广东省,4.5436,1.8784,416.2365,32.1,高温预警,广东气象台发布高温橙色预警，预计晚高峰空调负荷显著上升。
2024-07-03 17:15:00,广东省,4.4682,1.6683,454.0988,31.625,正常运行,Status: Normal
2024-07-03 17:30:00,广东省,4.5182,1.4354,455.6861,31.15,正常运行,Status: Normal
2024-07-03 17:45:00,广东省,4.7609,1.2057,474.1339,30.675,正常运行,Status: Normal
2024-07-03 18:00:00,广东省,4.7541,0.9055,440.044,30.2,正常运行,Status: Normal
2024-07-03 18:15:00,广东省,4.8226,0.74,529.2881,29.975,正常运行,Status: Normal
2024-07-03 18:30:00,广东省,4.8424,0.6215,437.8126,29.75,正常运行,Status: Normal
2024-07-03 18:45:00,广东省,5.1398,0.5678,515.3639,29.525,正常运行,Status: Normal
2024-07-03 19:00:00,广东省,4.9958,0.3544,462.0213,29.3,正常运行,Status: Normal
2024-07-03 19:15:00,广东省,4.9835,0.266,521.4276,29.225,正常运行,Status: Normal
2024-07-03 19:30:00,广东省,5.1743,0.1808,543.2839,29.15,高温预警,广东气象台发布高温橙色预警，预计晚高峰空调负荷显著上升。
2024-07-03 19:45:00,广东省,5.1167,0.0342,497.5941,29.075,正常运行,Status: Normal
2024-07-03 20:00:00,广东省,5.0787,0.0,498.5823,29.0,正常运行,Status: Normal
2024-07-03 20:15:00,广东省,4.8702,0.0,489.0967,28.95,正常运行,Status: Normal
2024-07-03 20:30:00,广东省,4.8907,0.0334,487.9365,28.9,正常运行,Status: Normal
2024-07-03 20:45:00,广东省,4.9145,0.0486,512.506,28.85,正常运行,Status: Normal
2024-07-03 21:00:00,广东省,4.8498,0.0,514.2409,28.8,正常运行,Status: Normal
2024-07-03 21:15:00,广东省,4.9777,0.0,527.6692,28.575,正常运行,Status: Normal
2024-07-03 21:30:00,广东省,4.6995,0.0718,530.8445,28.35,正常运行,Status: Normal
2024-07-03 21:45:00,广东省,4.5615,0.0004,484.8692,28.125,正常运行,Status: Normal
2024-07-03 22:00:00,广东省,4.7535,0.0,473.6202,27.9,正常运行,Status: Normal
2024-07-03 22:15:00,广东省,4.3375,0.0446,462.268,27.8,正常运行,Status: Normal
2024-07-03 22:30:00,广东省,4.5702,0.0,482.1901,27.7,正常运行,Status: Normal
2024-07-03 22:45:00,广东省,4.2398,0.0444,464.473,27.6,正常运行,Status: Normal
2024-07-03 23:00:00,广东省,4.2228,0.0,421.8369,27.5,正常运行,Status: Normal
2024-07-03 23:15:00,广东省,4.3018,0.0,453.9014,27.525,正常运行,Status: Normal
2024-07-03 23:30:00,广东省,4.0892,0.0,498.8236,27.55,正常运行,Status: Normal
2024-07-03 23:45:00,广东省,4.2919,0.0163,396.5597,27.575,正常运行,Status: Normal
2024-07-04 00:00:00,广东省,3.6963,0.0169,410.1134,27.6,正常运行,Status: Normal
2024-07-04 00:15:00,广东省,3.7805,0.0329,354.2906,27.475,正常运行,Status: Normal
2024-07-04 00:30:00,广东省,3.6518,0.0778,368.1689,27.35,正常运行,Status: Normal
2024-07-04 00:45:00,广东省,3.5774,0.0,345.6463,27.225,正常运行,Status: Normal
2024-07-04 01:00:00,广东省,3.8399,0.0556,350.8042,27.1,正常运行,Status: Normal
2024-07-04 01:15:00,广东省,3.784,0.0,350.6835,27.075,正常运行,Status: Normal
2024-07-04 01:30:00,广东省,3.7834,0.0,346.8603,27.05,正常运行,Status: Normal
2024-07-04 01:45:00,广东省,3.4654,0.0314,359.5838,27.025,正常运行,Status: Normal
2024-07-04 02:00:00,广东省,3.5674,0.0575,334.0339,27.0,正常运行,Status: Normal
2024-07-04 02:15:00,广东省,3.4195,0.0306,350.1341,27.0,正常运行,Status: Normal
2024-07-04 02:30:00,广东省,3.789,0.0,376.1427,27.0,正常运行,Status: Normal
2024-07-04 02:45:00,广东省,3.8949,0.0,347.6491,27.0,正常运行,Status: Normal
2024-07-04 03:00:00,广东省,3.6603,0.0802,394.3487,27.0,正常运行,Status: Normal
2024-07-04 03:15:00,广东省,3.5617,0.0468,381.5543,26.875,正常运行,Status: Normal
2024-07-04 03:30:00,广东省,3.7779,0.0,430.4372,26.75,正常运行,Status: Normal
2024-07-04 03:45:00,广东省,3.7238,0.0026,388.9655,26.625,正常运行,Status: Normal
2024-07-04 04:00:00,广东省,3.5527,0.0566,364.8855,26.5,正常运行,Status: Normal
2024-07-04 04:15:00,广东省,3.5651,0.0499,353.0366,26.525,正常运行,Status: Normal
2024-07-04 04:30:00,广东省,3.6094,0.0054,359.551,26.55,正常运行,Status: Normal
2024-07-04 04:45:00,广东省,3.6227,0.0,355.0292,26.575,正常运行,Status: Normal
2024-07-04 05:00:00,广东省,3.8027,0.0,376.7801,26.6,正常运行,Status: Normal
2024-07-04 05:15:00,广东省,3.6456,0.0,337.9529,26.975,正常运行,Status: Normal
2024-07-04 05:30:00,广东省,3.6024,0.0057,413.3614,27.35,正常运行,Status: Normal
2024-07-04 05:45:00,广东省,3.7375,0.0,415.7439,27.725,正常运行,Status: Normal
2024-07-04 06:00:00,广东省,3.5858,0.0608,367.4808,28.1,正常运行,Status: Normal
2024-07-04 06:15:00,广东省,3.5206,0.0381,360.6075,28.075,正常运行,Status: Normal
2024-07-04 06:30:00,广东省,3.6545,0.2299,362.3913,28.05,正常运行,Status: Normal
2024-07-04 06:45:00,广东省,3.8211,0.1476,373.3997,28.025,正常运行,Status: Normal
2024-07-04 07:00:00,广东省,3.7744,0.2634,393.304,28.0,正常运行,Status: Normal
2024-07-04 07:15:00,广东省,3.7626,0.3515,354.6461,28.075,正常运行,Status: Normal
2024-07-04 07:30:00,广东省,3.6975,0.346,359.8377,28.15,正常运行,Status: Normal
2024-07-04 07:45:00,广东省,3.5867,0.5241,373.7926,28.225,正常运行,Status: Normal
2024-07-04 08:00:00,广东省,3.6174,0.5165,445.2595,28.3,正常运行,Status: Normal
2024-07-04 08:15:00,广东省,3.5009,0.7602,351.8321,28.35,正常运行,Status: Normal
2024-07-04 08:30:00,广东省,3.6472,0.8295,301.0631,28.4,正常运行,Status: Normal
2024-07-04 08:45:00,广东省,3.7451,1.1428,363.7882,28.45,正常运行,Status: Normal
2024-07-04 09:00:00,广东省,3.6023,1.1924,337.8453,28.5,正常运行,Status: Normal
2024-07-04 09:15:00,广东省,3.9543,1.2947,327.3358,29.275,正常运行,Status: Normal
2024-07-04 09:30:00,广东省,3.8568,1.5331,379.2516,30.05,正常运行,Status: Normal
2024-07-04 09:45:00,广东省,3.8338,1.6264,322.46,30.825,正常运行,Status: Normal
2024-07-04 10:00:00,广东省,3.9649,1.7253,307.9903,31.6,正常运行,Status: Normal
2024-07-04 10:15:00,广东省,3.8086,1.7447,371.9988,31.725,正常运行,Status: Normal
2024-07-04 10:30:00,广东省,4.0967,1.9229,352.1144,31.85,正常运行,Status: Normal
2024-07-04 10:45:00,广东省,3.8151,2.0337,272.6622,31.975,正常运行,Status: Normal
2024-07-04 11:00:00,广东省,3.8352,2.1362,333.6945,32.1,正常运行,Status: Normal
2024-07-04 11:15:00,广东省,4.14,2.2239,350.412,32.225,正常运行,Status: Normal
2024-07-04 11:30:00,广东省,4.0086,2.4428,322.1461,32.35,正常运行,Status: Normal
2024-07-04 11:45:00,广东省,3.9106,2.6041,363.4424,32.475,正常运行,Status: Normal
2024-07-04 12:00:00,广东省,4.1975,2.7472,321.4212,32.6,正常运行,Status: Normal
2024-07-04 12:15:00,广东省,3.8338,2.8018,326.4579,32.8,正常运行,Status: Normal
2024-07-04 12:30:00,广东省,3.9203,2.8322,345.289,33.0,正常运行,Status: Normal
2024-07-04 12:45:00,广东省,4.6985,3.0819,316.7542,33.2,正常运行,Status: Normal
2024-07-04 13:00:00,广东省,4.6516,2.9402,322.5473,33.4,正常运行,Status: Normal
2024-07-04 13:15:00,广东省,4.5798,2.7605,317.5447,33.325,正常运行,Status: Normal
2024-07-04 13:30:00,广东省,4.4348,2.6412,376.7282,33.25,正常运行,Status: Normal
2024-07-04 13:45:00,广东省,4.3289,2.4174,338.9238,33.175,正常运行,Status: Normal
2024-07-04 14:00:00,广东省,4.4075,2.359,350.7545,33.1,正常运行,Status: Normal
2024-07-04 14:15:00,广东省,4.535,2.0134,357.6468,33.1,正常运行,Status: Normal
2024-07-04 14:30:00,广东省,4.6257,1.8262,365.0324,33.1,正常运行,Status: Normal
2024-07-04 14:45:00,广东省,4.6343,1.4712,345.8588,33.1,正常运行,Status: Normal
2024-07-04 15:00:00,广东省,4.6951,1.196,369.6051,33.1,正常运行,Status: Normal
2024-07-04 15:15:00,广东省,4.2468,1.3835,389.9249,32.875,正常运行,Status: Normal
2024-07-04 15:30:00,广东省,4.3319,1.378,389.3862,32.65,高温预警,广东气象台发布高温橙色预警，预计晚高峰空调负荷显著上升。
2024-07-04 15:45:00,广东省,4.2507,1.4617,294.3194,32.425,正常运行,Status: Normal
2024-07-04 16:00:00,广东省,4.1926,1.5615,440.0688,32.2,正常运行,Status: Normal
2024-07-04 16:15:00,广东省,4.2844,1.4277,339.0611,32.25,正常运行,Status: Normal
2024-07-04 16:30:00,广东省,4.2938,1.3003,405.3355,32.3,正常运行,Status: Normal
2024-07-04 16:45:00,广东省,4.3419,1.1717,387.9719,32.35,正常运行,Status: Normal
2024-07-04 17:00:00,广东省,4.5638,1.0893,400.5826,32.4,正常运行,Status: Normal
2024-07-04 17:15:00,广东省,4.4186,0.9672,416.5623,32.0,正常运行,Status: Normal
2024-07-04 17:30:00,广东省,4.4279,0.8965,478.2825,31.6,正常运行,Status: Normal
2024-07-04 17:45:00,广东省,4.6309,0.8419,458.842,31.2,正常运行,Status: Normal
2024-07-04 18:00:00,广东省,4.5736,0.7551,470.3886,30.8,高温预警,广东气象台发布高温橙色预警，预计晚高峰空调负荷显著上升。
2024-07-04 18:15:00,广东省,4.7072,0.5317,551.7036,30.675,正常运行,Status: Normal
2024-07-04 18:30:00,广东省,4.9204,0.474,493.8154,30.55,正常运行,Status: Normal
2024-07-04 18:45:00,广东省,4.8449,0.3849,476.6065,30.425,正常运行,Status: Normal
2024-07-04 19:00:00,广东省,4.9937,0.1461,513.3665,30.3,正常运行,Status: Normal
2024-07-04 19:15:00,广东省,4.8717,0.203,494.7874,30.25,正常运行,Status: Normal
2024-07-04 19:30:00,广东省,4.9302,0.123,490.862,30.2,正常运行,Status: Normal
2024-07-04 19:45:00,广东省,5.1056,0.0903,540.7835,30.15,正常运行,Status: Normal
2024-07-04 20:00:00,广东省,4.8888,0.015,557.6167,30.1,正常运行,Status: Normal
2024-07-04 20:15:00,广东省,5.0659,0.0,486.4482,30.05,正常运行,Status: Normal
2024-07-04 20:30:00,广东省,4.9858,0.0435,501.8923,30.0,正常运行,Status: Normal
2024-07-04 20:45:00,广东省,4.8592,0.0448,510.9492,29.95,正常运行,Status: Normal
2024-07-04 21:00:00,广东省,4.8111,0.0,517.1313,29.9,正常运行,Status: Normal
2024-07-04 21:15:00,广东省,4.8671,0.0,503.9345,29.625,正常运行,Status: Normal
2024-07-04 21:30:00,广东省,4.655,0.0,513.0351,29.35,正常运行,Status: Normal
2024-07-04 21:45:00,广东省,4.6672,0.019,424.9552,29.075,正常运行,Status: Normal
2024-07-04 22:00:00,广东省,4.7871,0.0,438.0413,28.8,正常运行,Status: Normal
2024-07-04 22:15:00,广东省,4.3797,0.0,403.3409,28.65,正常运行,Status: Normal
2024-07-04 22:30:00,广东省,4.481,0.0,481.7562,28.5,正常运行,Status: Normal
2024-07-04 22:45:00,广东省,4.1449,0.0228,454.7145,28.35,正常运行,Status: Normal
2024-07-04 23:00:00,广东省,4.2573,0.0096,405.8588,28.2,正常运行,Status: Normal
2024-07-04 23:15:00,广东省,4.0316,0.0669,423.8898,28.175,正常运行,Status: Normal
2024-07-04 23:30:00,广东省,4.2335,0.0197,478.6514,28.15,正常运行,Status: Normal
2024-07-04 23:45:00,广东省,3.9534,0.0,437.6142,28.125,正常运行,Status: Normal
2024-07-05 00:00:00,广东省,3.7619,0.0399,354.1424,28.1,正常运行,Status: Normal
2024-07-05 00:15:00,广东省,3.6907,0.0,342.1923,27.9,正常运行,Status: Normal
2024-07-05 00:30:00,广东省,3.6211,0.0,370.3281,27.7,正常运行,Status: Normal
2024-07-05 00:45:00,广东省,3.91,0.0,422.8565,27.5,正常运行,Status: Normal
2024-07-05 01:00:00,广东省,3.6239,0.0,344.2735,27.3,正常运行,Status: Normal
2024-07-05 01:15:00,广东省,3.6604,0.0,376.0572,27.25,正常运行,Status: Normal
2024-07-05 01:30:00,广东省,3.5517,0.0,356.1132,27.2,正常运行,Status: Normal
2024-07-05 01:45:00,广东省,3.5685,0.0073,357.9206,27.15,正常运行,Status: Normal
2024-07-05 02:00:00,广东省,3.761,0.0631,359.5204,27.1,正常运行,Status: Normal
2024-07-05 02:15:00,广东省,3.5355,0.0944,338.2969,27.1,正常运行,Status: Normal
2024-07-05 02:30:00,广东省,3.6982,0.0006,361.0499,27.1,正常运行,Status: Normal
2024-07-05 02:45:00,广东省,3.6928,0.0,317.8115,27.1,正常运行,Status: Normal
2024-07-05 03:00:00,广东省,3.7564,0.0,305.4938,27.1,正常运行,Status: Normal
2024-07-05 03:15:00,广东省,3.7506,0.0602,386.0906,27.0,正常运行,Status: Normal
2024-07-05 03:30:00,广东省,3.6646,0.0,380.6358,26.9,正常运行,Status: Normal
2024-07-05 03:45:00,广东省,3.593,0.0631,362.6477,26.8,正常运行,Status: Normal
2024-07-05 04:00:00,广东省,3.5695,0.0609,343.4968,26.7,正常运行,Status: Normal
2024-07-05 04:15:00,广东省,3.7148,0.072,329.5402,26.75,正常运行,Status: Normal
2024-07-05 04:30:00,广东省,3.4746,0.0523,301.9009,26.8,正常运行,Status: Normal
2024-07-05 04:45:00,广东省,3.6715,0.0,351.6668,26.85,正常运行,Status: Normal
2024-07-05 05:00:00,广东省,3.7452,0.0127,310.3987,26.9,正常运行,Status: Normal
2024-07-05 05:15:00,广东省,3.4786,0.0,370.1822,27.35,正常运行,Status: Normal
2024-07-05 05:30:00,广东省,3.6567,0.0,312.8857,27.8,正常运行,Status: Normal
2024-07-05 05:45:00,广东省,3.8325,0.0765,378.0899,28.25,正常运行,Status: Normal
2024-07-05 06:00:00,广东省,3.8225,0.0,320.5595,28.7,正常运行,Status: Normal
2024-07-05 06:15:00,广东省,3.707,0.1051,352.0248,28.725,正常运行,Status: Normal
2024-07-05 06:30:00,广东省,3.8317,0.1018,362.1763,28.75,正常运行,Status: Normal
2024-07-05 06:45:00,广东省,3.6128,0.1307,367.0392,28.775,正常运行,Status: Normal
2024-07-05 07:00:00,广东省,3.4976,0.1924,387.7652,28.8,正常运行,Status: Normal
2024-07-05 07:15:00,广东省,3.7402,0.4153,368.1583,28.925,正常运行,Status: Normal
2024-07-05 07:30:00,广东省,3.6619,0.5849,352.6527,29.05,正常运行,Status: Normal
2024-07-05 07:45:00,广东省,3.6963,0.7561,349.098,29.175,正常运行,Status: Normal
2024-07-05 08:00:00,广东省,3.7261,0.9342,404.1166,29.3,正常运行,Status: Normal
2024-07-05 08:15:00,广东省,3.6458,1.1875,350.4918,29.375,正常运行,Status: Normal
2024-07-05 08:30:00,广东省,3.7799,1.3532,326.5897,29.45,正常运行,Status: Normal
2024-07-05 08:45:00,广东省,3.8017,1.5128,317.8874,29.525,正常运行,Status: Normal
2024-07-05 09:00:00,广东省,3.7868,1.8843,290.8768,29.6,正常运行,Status: Normal
2024-07-05 09:15:00,广东省,3.785,1.9611,287.5667,30.275,正常运行,Status: Normal
2024-07-05 09:30:00,广东省,3.6206,2.2319,357.7265,30.95,正常运行,Status: Normal
2024-07-05 09:45:00,广东省,3.9967,2.3211,337.191,31.625,正常运行,Status: Normal
2024-07-05 10:00:00,广东省,3.6743,2.4081,334.2633,32.3,正常运行,Status: Normal
2024-07-05 10:15:00,广东省,3.7079,2.6416,330.2291,32.35,正常运行,Status: Normal
2024-07-05 10:30:00,广东省,3.8448,2.6549,331.1421,32.4,正常运行,Status: Normal
2024-07-05 10:45:00,广东省,3.7189,2.7578,295.1583,32.45,正常运行,Status: Normal
2024-07-05 11:00:00,广东省,3.8247,2.8414,307.6001,32.5,正常运行,Status: Normal
2024-07-05 11:15:00,广东省,4.1788,2.8822,318.377,32.575,正常运行,Status: Normal
2024-07-05 11:30:00,广东省,3.9588,3.0816,343.1461,32.65,正常运行,Status: Normal
2024-07-05 11:45:00,广东省,3.7047,3.1881,324.25,32.725,正常运行,Status: Normal
2024-07-05 12:00:00,广东省,4.0695,3.3967,333.6752,32.8,正常运行,Status: Normal
2024-07-05 12:15:00,广东省,4.4017,3.4685,325.1003,33.075,正常运行,Status: Normal
2024-07-05 12:30:00,广东省,4.6221,3.4909,323.1665,33.35,正常运行,Status: Normal
2024-07-05 12:45:00,广东省,4.646,3.5888,318.9486,33.625,正常运行,Status: Normal
2024-07-05 13:00:00,广东省,4.4595,3.5432,352.9696,33.9,正常运行,Status: Normal
2024-07-05 13:15:00,广东省,4.4332,3.5838,352.4078,33.975,正常运行,Status: Normal
2024-07-05 13:30:00,广东省,4.4751,3.629,346.6132,34.05,正常运行,Status: Normal
2024-07-05 13:45:00,广东省,4.695,3.7174,325.7999,34.125,正常运行,Status: Normal
2024-07-05 14:00:00,广东省,4.5015,3.7591,324.7012,34.2,高温预警,广东气象台发布高温橙色预警，预计晚高峰空调负荷显著上升。
2024-07-05 14:15:00,广东省,4.5456,3.5493,356.3262,34.325,正常运行,Status: Normal
2024-07-05 14:30:00,广东省,4.473,3.4205,322.8969,34.45,正常运行,Status: Normal
2024-07-05 14:45:00,广东省,4.5568,3.2898,364.1637,34.575,正常运行,Status: Normal
2024-07-05 15:00:00,广东省,4.5272,3.0609,345.7648,34.7,正常运行,Status: Normal
2024-07-05 15:15:00,广东省,4.6875,2.9301,369.9511,34.7,正常运行,Status: Normal
2024-07-05 15:30:00,广东省,4.6837,2.5782,359.855,34.7,正常运行,Status: Normal
2024-07-05 15:45:00,广东省,4.6114,2.4522,367.7064,34.7,正常运行,Status: Normal
2024-07-05 16:00:00,广东省,4.841,2.2171,401.9524,34.7,正常运行,Status: Normal
2024-07-05 16:15:00,广东省,4.9683,2.0999,414.9681,34.65,正常运行,Status: Normal
2024-07-05 16:30:00,广东省,4.6457,2.1098,474.4163,34.6,高温预警,广东气象台发布高温橙色预警，预计晚高峰空调负荷显著上升。
2024-07-05 16:45:00,广东省,5.1475,1.9601,419.9371,34.55,正常运行,Status: Normal
2024-07-05 17:00:00,广东省,4.8141,1.9425,445.1348,34.5,正常运行,Status: Normal
2024-07-05 17:15:00,广东省,4.8988,1.6201,447.1651,33.925,正常运行,Status: Normal
2024-07-05 17:30:00,广东省,5.0306,1.3127,448.2573,33.35,正常运行,Status: Normal
2024-07-05 17:45:00,广东省,4.6817,1.1489,410.6831,32.775,正常运行,Status: Normal
2024-07-05 18:00:00,广东省,4.5501,1.0189,503.1423,32.2,正常运行,Status: Normal
2024-07-05 18:15:00,广东省,4.8521,0.7635,490.0502,32.075,正常运行,Status: Normal
2024-07-05 18:30:00,广东省,4.8382,0.6916,512.4569,31.95,正常运行,Status: Normal
2024-07-05 18:45:00,广东省,4.876,0.369,494.6615,31.825,正常运行,Status: Normal
2024-07-05 19:00:00,广东省,5.0727,0.339,513.8837,31.7,高温预警,广东气象台发布高温橙色预警，预计晚高峰空调负荷显著上升。
2024-07-05 19:15:00,广东省,4.9019,0.2466,460.6109,31.6,正常运行,Status: Normal
2024-07-05 19:30:00,广东省,5.1345,0.0654,505.5653,31.5,正常运行,Status: Normal
2024-07-05 19:45:00,广东省,4.935,0.0919,503.6804,31.4,正常运行,Status: Normal
2024-07-05 20:00:00,广东省,4.8009,0.1316,547.3146,31.3,正常运行,Status: Normal
2024-07-05 20:15:00,广东省,4.9472,0.0,511.205,31.25,正常运行,Status: Normal
2024-07-05 20:30:00,广东省,4.9558,0.0,515.6485,31.2,正常运行,Status: Normal
2024-07-05 20:45:00,广东省,5.002,0.0358,554.0556,31.15,正常运行,Status: Normal
2024-07-05 21:00:00,广东省,4.7265,0.0,484.2273,31.1,正常运行,Status: Normal
2024-07-05 21:15:00,广东省,4.8032,0.0388,490.7059,30.8,正常运行,Status: Normal
2024-07-05 21:30:00,广东省,4.6461,0.0477,510.9491,30.5,正常运行,Status: Normal
2024-07-05 21:45:00,广东省,4.4366,0.0,458.127,30.2,正常运行,Status: Normal
2024-07-05 22:00:00,广东省,4.334,0.0,450.7528,29.9,正常运行,Status: Normal
2024-07-05 22:15:00,广东省,4.4749,0.0554,498.4923,29.7,正常运行,Status: Normal
2024-07-05 22:30:00,广东省,4.3053,0.0,412.8907,29.5,正常运行,Status: Normal
2024-07-05 22:45:00,广东省,4.4035,0.0,400.1372,29.3,正常运行,Status: Normal
2024-07-05 23:00:00,广东省,4.1971,0.0,436.2963,29.1,正常运行,Status: Normal
2024-07-05 23:15:00,广东省,3.9327,0.026,454.536,29.0,正常运行,Status: Normal
2024-07-05 23:30:00,广东省,3.9717,0.0437,411.118,28.9,正常运行,Status: Normal
2024-07-05 23:45:00,广东省,3.9789,0.0,395.8592,28.8,正常运行,Status: Normal
2024-07-06 00:00:00,广东省,3.753,0.0,388.2229,28.7,正常运行,Status: Normal
2024-07-06 00:15:00,广东省,3.4666,0.1013,389.5693,28.55,正常运行,Status: Normal
2024-07-06 00:30:00,广东省,3.5373,0.0,380.4453,28.4,正常运行,Status: Normal
2024-07-06 00:45:00,广东省,3.7371,0.0019,390.4765,28.25,正常运行,Status: Normal
2024-07-06 01:00:00,广东省,3.4915,0.0,323.9939,28.1,正常运行,Status: Normal
2024-07-06 01:15:00,广东省,3.558,0.0,370.5574,28.075,正常运行,Status: Normal
2024-07-06 01:30:00,广东省,3.6366,0.0847,384.4724,28.05,正常运行,Status: Normal
2024-07-06 01:45:00,广东省,3.7734,0.031,404.1836,28.025,正常运行,Status: Normal
2024-07-06 02:00:00,广东省,3.5591,0.091,398.8884,28.0,正常运行,Status: Normal
2024-07-06 02:15:00,广东省,3.6595,0.0203,357.8755,28.05,正常运行,Status: Normal
2024-07-06 02:30:00,广东省,3.7404,0.02,352.6495,28.1,正常运行,Status: Normal
2024-07-06 02:45:00,广东省,3.6793,0.0512,362.6808,28.15,正常运行,Status: Normal
2024-07-06 03:00:00,广东省,3.3959,0.0022,374.3274,28.2,正常运行,Status: Normal
2024-07-06 03:15:00,广东省,3.5333,0.0015,348.4737,28.05,正常运行,Status: Normal
2024-07-06 03:30:00,广东省,3.5432,0.0772,388.5642,27.9,正常运行,Status: Normal
2024-07-06 03:45:00,广东省,3.5891,0.0073,371.2865,27.75,正常运行,Status: Normal
2024-07-06 04:00:00,广东省,3.539,0.0631,337.794,27.6,正常运行,Status: Normal
2024-07-06 04:15:00,广东省,3.5756,0.0,382.1073,27.575,正常运行,Status: Normal
2024-07-06 04:30:00,广东省,3.6774,0.0134,331.1107,27.55,正常运行,Status: Normal
2024-07-06 04:45:00,广东省,3.6213,0.0534,357.7474,27.525,正常运行,Status: Normal
2024-07-06 05:00:00,广东省,3.5711,0.0569,319.5415,27.5,正常运行,Status: Normal
2024-07-06 05:15:00,广东省,3.4416,0.0307,350.4183,28.0,正常运行,Status: Normal
2024-07-06 05:30:00,广东省,3.6215,0.0302,373.4939,28.5,正常运行,Status: Normal
2024-07-06 05:45:00,广东省,3.818,0.0,309.0272,29.0,正常运行,Status: Normal
2024-07-06 06:00:00,广东省,3.7519,0.0302,387.2201,29.5,正常运行,Status: Normal
2024-07-06 06:15:00,广东省,3.6475,0.0326,373.2371,29.475,正常运行,Status: Normal
2024-07-06 06:30:00,广东省,3.7773,0.133,413.8035,29.45,正常运行,Status: Normal
2024-07-06 06:45:00,广东省,3.4655,0.2142,373.4561,29.425,正常运行,Status: Normal
2024-07-06 07:00:00,广东省,3.5808,0.3071,352.2187,29.4,正常运行,Status: Normal
2024-07-06 07:15:00,广东省,3.5106,0.3994,383.5331,29.45,正常运行,Status: Normal
2024-07-06 07:30:00,广东省,3.7584,0.5542,359.5516,29.5,正常运行,Status: Normal
2024-07-06 07:45:00,广东省,3.7493,0.7436,363.1637,29.55,正常运行,Status: Normal
2024-07-06 08:00:00,广东省,3.6439,0.9288,342.5892,29.6,正常运行,Status: Normal
2024-07-06 08:15:00,广东省,3.6581,1.0915,389.278,29.775,正常运行,Status: Normal
2024-07-06 08:30:00,广东省,3.6715,1.2933,350.3149,29.95,正常运行,Status: Normal
2024-07-06 08:45:00,广东省,3.609,1.6028,406.4313,30.125,正常运行,Status: Normal
2024-07-06 09:00:00,广东省,3.9584,1.9398,300.8449,30.3,正常运行,Status: Normal
2024-07-06 09:15:00,广东省,3.6799,2.1145,310.3731,30.9,正常运行,Status: Normal
2024-07-06 09:30:00,广东省,3.5746,2.3392,349.6559,31.5,正常运行,Status: Normal
2024-07-06 09:45:00,广东省,3.6433,2.6231,306.4996,32.1,正常运行,Status: Normal
2024-07-06 10:00:00,广东省,3.8358,2.9055,366.4391,32.7,正常运行,Status: Normal
2024-07-06 10:15:00,广东省,3.6211,3.0923,306.6812,32.775,正常运行,Status: Normal
2024-07-06 10:30:00,广东省,3.8406,2.9887,344.4162,32.85,正常运行,Status: Normal
2024-07-06 10:45:00,广东省,3.7903,3.1345,360.0873,32.925,正常运行,Status: Normal
2024-07-06 11:00:00,广东省,3.8638,3.2879,325.9395,33.0,正常运行,Status: Normal
2024-07-06 11:15:00,广东省,3.8158,3.3655,325.7908,33.0,正常运行,Status: Normal
2024-07-06 11:30:00,广东省,3.7637,3.474,307.4555,33.0,正常运行,Status: Normal
2024-07-06 11:45:00,广东省,3.8802,3.461,325.135,33.0,正常运行,Status: Normal
2024-07-06 12:00:00,广东省,3.8553,3.591,330.0206,33.0,正常运行,Status: Normal
2024-07-06 12:15:00,广东省,4.3771,3.7104,331.8263,33.375,正常运行,Status: Normal
2024-07-06 12:30:00,广东省,4.3466,3.6762,305.1835,33.75,正常运行,Status: Normal
2024-07-06 12:45:00,广东省,4.5574,3.7458,324.382,34.125,正常运行,Status: Normal
2024-07-06 13:00:00,广东省,4.4269,3.7155,304.7272,34.5,正常运行,Status: Normal
2024-07-06 13:15:00,广东省,4.3263,3.7309,336.1159,34.625,正常运行,Status: Normal
2024-07-06 13:30:00,广东省,4.5152,3.6726,357.5125,34.75,正常运行,Status: Normal
2024-07-06 13:45:00,广东省,4.4224,3.6738,341.5043,34.875,正常运行,Status: Normal
2024-07-06 14:00:00,广东省,4.5092,3.6058,329.0346,35.0,正常运行,Status: Normal
2024-07-06 14:15:00,广东省,4.3265,3.5358,285.1354,35.025,正常运行,Status: Normal
2024-07-06 14:30:00,广东省,4.4012,3.4113,370.5622,35.05,正常运行,Status: Normal
2024-07-06 14:45:00,广东省,4.362,3.2047,352.1621,35.075,正常运行,Status: Normal
2024-07-06 15:00:00,广东省,4.4104,3.0867,319.5918,35.1,高温预警,广东气象台发布高温橙色预警，预计晚高峰空调负荷显著上升。
2024-07-06 15:15:00,广东省,4.9829,2.9785,352.6432,35.2,正常运行,Status: Normal
2024-07-06 15:30:00,广东省,4.5663,2.827,359.5795,35.3,正常运行,Status: Normal
2024-07-06 15:45:00,广东省,4.6127,2.6435,383.9958,35.4,正常运行,Status: Normal
2024-07-06 16:00:00,广东省,4.4597,2.4487,428.2271,35.5,正常运行,Status: Normal
2024-07-06 16:15:00,广东省,4.7637,2.1753,404.6378,35.45,正常运行,Status: Normal
2024-07-06 16:30:00,广东省,4.7211,2.0032,428.6326,35.4,正常运行,Status: Normal
2024-07-06 16:45:00,广东省,4.8413,1.8901,419.2428,35.35,正常运行,Status: Normal
2024-07-06 17:00:00,广东省,4.9026,1.7548,419.5442,35.3,正常运行,Status: Normal
2024-07-06 17:15:00,广东省,5.1256,1.4735,462.4757,34.625,正常运行,Status: Normal
2024-07-06 17:30:00,广东省,4.961,1.4073,430.2527,33.95,高温预警,广东气象台发布高温橙色预警，预计晚高峰空调负荷显著上升。
2024-07-06 17:45:00,广东省,4.8714,1.0954,398.3583,33.275,正常运行,Status: Normal
2024-07-06 18:00:00,广东省,4.6619,0.8211,449.44,32.6,正常运行,Status: Normal
2024-07-06 18:15:00,广东省,4.8386,0.7639,477.9334,32.5,正常运行,Status: Normal
2024-07-06 18:30:00,广东省,4.6135,0.5668,443.8351,32.4,正常运行,Status: Normal
2024-07-06 18:45:00,广东省,4.6666,0.4736,507.3742,32.3,正常运行,Status: Normal
2024-07-06 19:00:00,广东省,4.7102,0.3011,494.1573,32.2,正常运行,Status: Normal
2024-07-06 19:15:00,广东省,4.8076,0.2217,515.3615,32.15,正常运行,Status: Normal
2024-07-06 19:30:00,广东省,4.7501,0.1226,549.5184,32.1,正常运行,Status: Normal
2024-07-06 19:45:00,广东省,4.6523,0.0,573.223,32.05,正常运行,Status: Normal
2024-07-06 20:00:00,广东省,4.9398,0.0101,513.2566,32.0,高温预警,广东气象台发布高温橙色预警，预计晚高峰空调负荷显著上升。
2024-07-06 20:15:00,广东省,4.5463,0.0,501.2989,31.925,正常运行,Status: Normal
2024-07-06 20:30:00,广东省,4.7204,0.0431,511.3956,31.85,正常运行,Status: Normal
2024-07-06 20:45:00,广东省,4.7502,0.0227,538.6552,31.775,正常运行,Status: Normal
2024-07-06 21:00:00,广东省,4.637,0.0198,481.1315,31.7,正常运行,Status: Normal
2024-07-06 21:15:00,广东省,4.6095,0.093,560.4934,31.425,正常运行,Status: Normal
2024-07-06 21:30:00,广东省,4.8916,0.0135,496.9433,31.15,正常运行,Status: Normal
2024-07-06 21:45:00,广东省,4.5165,0.0578,466.3994,30.875,正常运行,Status: Normal
2024-07-06 22:00:00,广东省,4.557,0.0,471.0494,30.6,正常运行,Status: Normal
2024-07-06 22:15:00,广东省,4.3733,0.0,467.3457,30.4,正常运行,Status: Normal
2024-07-06 22:30:00,广东省,4.2248,0.0712,466.8745,30.2,正常运行,Status: Normal
2024-07-06 22:45:00,广东省,3.9996,0.0,455.8678,30.0,正常运行,Status: Normal
2024-07-06 23:00:00,广东省,4.133,0.0,427.5164,29.8,正常运行,Status: Normal
2024-07-06 23:15:00,广东省,4.0764,0.039,428.0882,29.75,正常运行,Status: Normal
2024-07-06 23:30:00,广东省,3.7666,0.0542,420.1696,29.7,正常运行,Status: Normal
2024-07-06 23:45:00,广东省,3.7766,0.0355,443.6643,29.65,正常运行,Status: Normal
2024-07-07 00:00:00,广东省,3.3933,0.0,387.177,29.6,正常运行,Status: Normal
2024-07-07 00:15:00,广东省,3.5925,0.0,368.1451,29.325,正常运行,Status: Normal
2024-07-07 00:30:00,广东省,3.6697,0.0404,385.4035,29.05,正常运行,Status: Normal
2024-07-07 00:45:00,广东省,3.4593,0.0087,384.6599,28.775,正常运行,Status: Normal
2024-07-07 01:00:00,广东省,3.6922,0.0412,362.5504,28.5,正常运行,Status: Normal
2024-07-07 01:15:00,广东省,3.4173,0.055,407.0522,28.575,正常运行,Status: Normal
2024-07-07 01:30:00,广东省,3.5274,0.0,344.0714,28.65,正常运行,Status: Normal
2024-07-07 01:45:00,广东省,3.6332,0.0028,375.8044,28.725,正常运行,Status: Normal
2024-07-07 02:00:00,广东省,3.4809,0.0,360.0956,28.8,正常运行,Status: Normal
2024-07-07 02:15:00,广东省,3.5738,0.0309,426.7853,28.725,正常运行,Status: Normal
2024-07-07 02:30:00,广东省,3.4242,0.0277,352.2303,28.65,正常运行,Status: Normal
2024-07-07 02:45:00,广东省,3.5498,0.0,364.2719,28.575,正常运行,Status: Normal
2024-07-07 03:00:00,广东省,3.5784,0.0482,382.1679,28.5,正常运行,Status: Normal
2024-07-07 03:15:00,广东省,3.2661,0.0,384.6442,28.3,正常运行,Status: Normal
2024-07-07 03:30:00,广东省,3.3068,0.0,390.102,28.1,正常运行,Status: Normal
2024-07-07 03:45:00,广东省,3.5518,0.0,367.288,27.9,正常运行,Status: Normal
2024-07-07 04:00:00,广东省,3.4741,0.0,391.216,27.7,正常运行,Status: Normal
2024-07-07 04:15:00,广东省,3.4938,0.0465,398.3068,27.65,正常运行,Status: Normal
2024-07-07 04:30:00,广东省,3.5173,0.0191,332.9022,27.6,正常运行,Status: Normal
2024-07-07 04:45:00,广东省,3.5704,0.0,377.8209,27.55,正常运行,Status: Normal
2024-07-07 05:00:00,广东省,3.2258,0.0828,325.5763,27.5,正常运行,Status: Normal
2024-07-07 05:15:00,广东省,3.6732,0.0,403.4831,28.0,正常运行,Status: Normal
2024-07-07 05:30:00,广东省,3.7448,0.0026,361.1698,28.5,正常运行,Status: Normal
2024-07-07 05:45:00,广东省,3.4728,0.0,362.7262,29.0,正常运行,Status: Normal
2024-07-07 06:00:00,广东省,3.4682,0.0537,395.9844,29.5,正常运行,Status: Normal
2024-07-07 06:15:00,广东省,3.5019,0.1565,381.9055,29.675,正常运行,Status: Normal
2024-07-07 06:30:00,广东省,3.4625,0.1727,341.2674,29.85,正常运行,Status: Normal
2024-07-07 06:45:00,广东省,3.5276,0.2908,409.3645,30.025,正常运行,Status: Normal
2024-07-07 07:00:00,广东省,3.866,0.2596,371.0824,30.2,正常运行,Status: Normal
2024-07-07 07:15:00,广东省,3.9436,0.5668,372.2591,30.35,正常运行,Status: Normal
2024-07-07 07:30:00,广东省,3.4976,0.7115,404.0921,30.5,正常运行,Status: Normal
2024-07-07 07:45:00,广东省,3.4348,0.8948,391.3032,30.65,正常运行,Status: Normal
2024-07-07 08:00:00,广东省,3.3002,1.1785,359.2821,30.8,正常运行,Status: Normal
2024-07-07 08:15:00,广东省,3.2253,1.2608,356.7178,30.85,正常运行,Status: Normal
2024-07-07 08:30:00,广东省,3.5865,1.4267,362.8172,30.9,正常运行,Status: Normal
2024-07-07 08:45:00,广东省,3.5688,1.5603,333.8639,30.95,正常运行,Status: Normal
2024-07-07 09:00:00,广东省,3.5541,1.7082,361.4307,31.0,正常运行,Status: Normal
2024-07-07 09:15:00,广东省,3.7238,1.9083,372.5389,31.625,正常运行,Status: Normal
2024-07-07 09:30:00,广东省,3.4866,2.0617,391.5784,32.25,正常运行,Status: Normal
2024-07-07 09:45:00,广东省,3.8075,2.4183,340.7669,32.875,正常运行,Status: Normal
2024-07-07 10:00:00,广东省,3.8421,2.5916,322.8097,33.5,正常运行,Status: Normal
2024-07-07 10:15:00,广东省,3.6661,2.6796,371.1104,33.475,正常运行,Status: Normal
2024-07-07 10:30:00,广东省,3.5862,2.7492,314.3953,33.45,正常运行,Status: Normal
2024-07-07 10:45:00,广东省,3.5806,2.9458,327.7302,33.425,正常运行,Status: Normal
2024-07-07 11:00:00,广东省,4.1909,3.1438,323.0131,33.4,正常运行,Status: Normal
2024-07-07 11:15:00,广东省,4.0102,3.1062,377.4006,33.525,正常运行,Status: Normal
2024-07-07 11:30:00,广东省,4.0824,3.0993,330.6474,33.65,正常运行,Status: Normal
2024-07-07 11:45:00,广东省,4.0774,3.0829,333.4208,33.775,正常运行,Status: Normal
2024-07-07 12:00:00,广东省,4.1851,3.1287,286.469,33.9,正常运行,Status: Normal
2024-07-07 12:15:00,广东省,4.2561,2.9956,344.5419,34.225,正常运行,Status: Normal
2024-07-07 12:30:00,广东省,4.0801,3.1016,347.4449,34.55,正常运行,Status: Normal
2024-07-07 12:45:00,广东省,4.2332,3.125,354.6815,34.875,正常运行,Status: Normal
2024-07-07 13:00:00,广东省,4.2296,3.2036,334.3027,35.2,正常运行,Status: Normal
2024-07-07 13:15:00,广东省,4.4358,3.2507,347.5498,35.3,正常运行,Status: Normal
2024-07-07 13:30:00,广东省,4.1501,3.397,351.6171,35.4,正常运行,Status: Normal
2024-07-07 13:45:00,广东省,4.3608,3.44,364.8756,35.5,正常运行,Status: Normal
2024-07-07 14:00:00,广东省,4.4385,3.5234,349.3524,35.6,正常运行,Status: Normal
2024-07-07 14:15:00,广东省,4.3242,3.4257,375.1933,35.575,正常运行,Status: Normal
2024-07-07 14:30:00,广东省,4.5155,3.4117,330.5003,35.55,正常运行,Status: Normal
2024-07-07 14:45:00,广东省,4.2385,3.3192,337.4669,35.525,正常运行,Status: Normal
2024-07-07 15:00:00,广东省,4.1602,3.3803,387.2501,35.5,正常运行,Status: Normal
2024-07-07 15:15:00,广东省,4.4088,3.0262,340.9981,34.95,正常运行,Status: Normal
2024-07-07 15:30:00,广东省,4.489,2.789,350.9636,34.4,正常运行,Status: Normal
2024-07-07 15:45:00,广东省,4.4095,2.5703,343.3737,33.85,正常运行,Status: Normal
2024-07-07 16:00:00,广东省,4.4416,2.3507,442.9462,33.3,高温预警,广东气象台发布高温橙色预警，预计晚高峰空调负荷显著上升。
2024-07-07 16:15:00,广东省,4.4262,2.1602,382.4967,33.05,正常运行,Status: Normal
2024-07-07 16:30:00,广东省,4.1343,1.9371,416.9497,32.8,正常运行,Status: Normal
2024-07-07 16:45:00,广东省,4.1426,1.5588,392.7787,32.55,正常运行,Status: Normal
2024-07-07 17:00:00,广东省,4.2356,1.388,448.923,32.3,正常运行,Status: Normal
2024-07-07 17:15:00,广东省,4.2002,1.1604,425.1819,32.075,正常运行,Status: Normal
2024-07-07 17:30:00,广东省,4.3696,1.1078,434.8787,31.85,正常运行,Status: Normal
2024-07-07 17:45:00,广东省,4.3947,0.71,418.3621,31.625,正常运行,Status: Normal
2024-07-07 18:00:00,广东省,4.5493,0.6919,450.7327,31.4,正常运行,Status: Normal
2024-07-07 18:15:00,广东省,4.1754,0.5752,516.4309,31.4,正常运行,Status: Normal
2024-07-07 18:30:00,广东省,4.6749,0.3838,490.601,31.4,高温预警,广东气象台发布高温橙色预警，预计晚高峰空调负荷显著上升。
2024-07-07 18:45:00,广东省,4.5007,0.4441,505.0011,31.4,正常运行,Status: Normal
2024-07-07 19:00:00,广东省,4.6699,0.2373,547.2425,31.4,正常运行,Status: Normal
2024-07-07 19:15:00,广东省,4.6179,0.1624,531.7328,31.35,正常运行,Status: Normal
2024-07-07 19:30:00,广东省,4.7104,0.0812,582.3133,31.3,正常运行,Status: Normal
2024-07-07 19:45:00,广东省,4.7993,0.0585,503.4162,31.25,正常运行,Status: Normal
2024-07-07 20:00:00,广东省,4.7957,0.0,477.4554,31.2,正常运行,Status: Normal
2024-07-07 20:15:00,广东省,4.6752,0.0354,451.217,31.2,正常运行,Status: Normal
2024-07-07 20:30:00,广东省,4.7595,0.0,544.1061,31.2,正常运行,Status: Normal
2024-07-07 20:45:00,广东省,4.5421,0.0014,527.951,31.2,正常运行,Status: Normal
2024-07-07 21:00:00,广东省,4.7346,0.0529,489.6086,31.2,正常运行,Status: Normal
2024-07-07 21:15:00,广东省,4.278,0.0,455.6731,31.025,正常运行,Status: Normal
2024-07-07 21:30:00,广东省,4.4004,0.0,474.9793,30.85,正常运行,Status: Normal
2024-07-07 21:45:00,广东省,4.2561,0.0,484.3897,30.675,正常运行,Status: Normal
2024-07-07 22:00:00,广东省,4.2264,0.0,452.0558,30.5,正常运行,Status: Normal
2024-07-07 22:15:00,广东省,4.0652,0.0344,466.9912,30.325,正常运行,Status: Normal
2024-07-07 22:30:00,广东省,4.2404,0.0172,511.8024,30.15,正常运行,Status: Normal
2024-07-07 22:45:00,广东省,4.0489,0.0,443.9929,29.975,正常运行,Status: Normal
2024-07-07 23:00:00,广东省,3.9693,0.0,434.6592,29.8,正常运行,Status: Normal
2024-07-07 23:15:00,广东省,3.7384,0.0219,403.3028,29.8,正常运行,Status: Normal
2024-07-07 23:30:00,广东省,3.7921,0.0,406.2324,29.8,正常运行,Status: Normal
2024-07-07 23:45:00,广东省,3.6647,0.0,436.0295,29.8,正常运行,Status: Normal
